{
  "androidAlias": "key0",
  "androidAliasPassword": "mypassword",
  "androidKeystore": "certificates/android.p12",
  "androidKeystorePassword": "mypassword",
  "iosDevP12": "certificates/ios_development.p12",
  "iosDevP12Password": "mypassword",
  "iosDevelopment": "certificates/ios_development.mobileprovision",
  "iosDistP12": "certificates/ios_distribution.p12",
  "iosDistP12Password": "mypassword",
  "iosDistribution": "certificates/ios_distribution.mobileprovision",
  "iosPackageType": "app-store",
  "release": "debug"
}
